<CATALOGO>
<PLANTA>
<NOMBRECOMUN>Bloodroot</NOMBRECOMUN>
<NOMBREBOTANICO>Sanguinaria canadensis</NOMBREBOTANICO>
<ZONA>4</ZONA>
<PRECIO>2</PRECIO>
<DISPONIBILIDAD>031599</DISPONIBILIDAD>
</PLANTA>
<PLANTA>
<NOMBRECOMUN>Columbine</NOMBRECOMUN>
<NOMBREBOTANICO>Aquilegia canadensis</NOMBREBOTANICO>
<ZONA>3</ZONA>
<PRECIO>9</PRECIO>
<DISPONIBILIDAD>030699</DISPONIBILIDAD>
</PLANTA>
<PLANTA>
<NOMBRECOMUN>Marsh Marigold</NOMBRECOMUN>
<NOMBREBOTANICO>Caltha palustris</NOMBREBOTANICO>
<ZONA>4</ZONA>
<PRECIO>6</PRECIO>
<DISPONIBILIDAD>051799</DISPONIBILIDAD>
</PLANTA>
<PLANTA>
<NOMBRECOMUN>Cowslip</NOMBRECOMUN>
<NOMBREBOTANICO>Caltha palustris</NOMBREBOTANICO>
<ZONA>4</ZONA>
<PRECIO>9</PRECIO>
<DISPONIBILIDAD>030699</DISPONIBILIDAD>
</PLANTA>
<PLANTA>
<NOMBRECOMUN>Dutchman's-Breeches</NOMBRECOMUN>
<NOMBREBOTANICO>Dicentra cucullaria</NOMBREBOTANICO>
<ZONA>3</ZONA>
<PRECIO>6</PRECIO>
<DISPONIBILIDAD>012099</DISPONIBILIDAD>
</PLANTA>
<PLANTA>
<NOMBRECOMUN>Ginger, Wild</NOMBRECOMUN>
<NOMBREBOTANICO>Asarum canadense</NOMBREBOTANICO>
<ZONA>3</ZONA>
<PRECIO>9</PRECIO>
<DISPONIBILIDAD>041899</DISPONIBILIDAD>
</PLANTA>
<PLANTA>
<NOMBRECOMUN>Hepatica</NOMBRECOMUN>
<NOMBREBOTANICO>Hepatica americana</NOMBREBOTANICO>
<ZONA>4</ZONA>
<PRECIO>4</PRECIO>
<DISPONIBILIDAD>012699</DISPONIBILIDAD>
</PLANTA>
<PLANTA>
<NOMBRECOMUN>Liverleaf</NOMBRECOMUN>
<NOMBREBOTANICO>Hepatica americana</NOMBREBOTANICO>
<ZONA>4</ZONA>
<PRECIO>3</PRECIO>
<DISPONIBILIDAD>010299</DISPONIBILIDAD>
</PLANTA>
<PLANTA>
<NOMBRECOMUN>Jack-In-The-Pulpit</NOMBRECOMUN>
<NOMBREBOTANICO>Arisaema triphyllum</NOMBREBOTANICO>
<ZONA>4</ZONA>
<PRECIO>3</PRECIO>
<DISPONIBILIDAD>020199</DISPONIBILIDAD>
</PLANTA>
<PLANTA>
<NOMBRECOMUN>Mayapple</NOMBRECOMUN>
<NOMBREBOTANICO>Podophyllum peltatum</NOMBREBOTANICO>
<ZONA>3</ZONA>
<PRECIO>2</PRECIO>
<DISPONIBILIDAD>060599</DISPONIBILIDAD>
</PLANTA>
<PLANTA>
<NOMBRECOMUN>Phlox, Woodland</NOMBRECOMUN>
<NOMBREBOTANICO>Phlox divaricata</NOMBREBOTANICO>
<ZONA>3</ZONA>
<PRECIO>2</PRECIO>
<DISPONIBILIDAD>012299</DISPONIBILIDAD>
</PLANTA>
<PLANTA>
<NOMBRECOMUN>Phlox, Blue</NOMBRECOMUN>
<NOMBREBOTANICO>Phlox divaricata</NOMBREBOTANICO>
<ZONA>3</ZONA>
<PRECIO>5</PRECIO>
<DISPONIBILIDAD>021699</DISPONIBILIDAD>
</PLANTA>
<PLANTA>
<NOMBRECOMUN>Spring-Beauty</NOMBRECOMUN>
<NOMBREBOTANICO>Claytonia Virginica</NOMBREBOTANICO>
<ZONA>7</ZONA>
<PRECIO>6</PRECIO>
<DISPONIBILIDAD>020199</DISPONIBILIDAD>
</PLANTA>
<PLANTA>
<NOMBRECOMUN>Trillium</NOMBRECOMUN>
<NOMBREBOTANICO>Trillium grandiflorum</NOMBREBOTANICO>
<ZONA>5</ZONA>
<PRECIO>3</PRECIO>
<DISPONIBILIDAD>042999</DISPONIBILIDAD>
</PLANTA>
<PLANTA>
<NOMBRECOMUN>Wake Robin</NOMBRECOMUN>
<NOMBREBOTANICO>Trillium grandiflorum</NOMBREBOTANICO>
<ZONA>5</ZONA>
<PRECIO>3</PRECIO>
<DISPONIBILIDAD>022199</DISPONIBILIDAD>
</PLANTA>
<PLANTA>
<NOMBRECOMUN>Violet, Dog-Tooth</NOMBRECOMUN>
<NOMBREBOTANICO>Erythronium americanum</NOMBREBOTANICO>
<ZONA>4</ZONA>
<PRECIO>9</PRECIO>
<DISPONIBILIDAD>020199</DISPONIBILIDAD>
</PLANTA>
<PLANTA>
<NOMBRECOMUN>Trout Lily</NOMBRECOMUN>
<NOMBREBOTANICO>Erythronium americanum</NOMBREBOTANICO>
<ZONA>4</ZONA>
<PRECIO>6</PRECIO>
<DISPONIBILIDAD>032499</DISPONIBILIDAD>
</PLANTA>
<PLANTA>
<NOMBRECOMUN>Adder's-Tongue</NOMBRECOMUN>
<NOMBREBOTANICO>Erythronium americanum</NOMBREBOTANICO>
<ZONA>4</ZONA>
<PRECIO>9</PRECIO>
<DISPONIBILIDAD>041399</DISPONIBILIDAD>
</PLANTA>
<PLANTA>
<NOMBRECOMUN>Anemone</NOMBRECOMUN>
<NOMBREBOTANICO>Anemone blanda</NOMBREBOTANICO>
<ZONA>6</ZONA>
<PRECIO>8</PRECIO>
<DISPONIBILIDAD>122698</DISPONIBILIDAD>
</PLANTA>
<PLANTA>
<NOMBRECOMUN>Grecian Windflower</NOMBRECOMUN>
<NOMBREBOTANICO>Anemone blanda</NOMBREBOTANICO>
<ZONA>6</ZONA>
<PRECIO>9</PRECIO>
<DISPONIBILIDAD>071099</DISPONIBILIDAD>
</PLANTA>
<PLANTA>
<NOMBRECOMUN>Bee Balm</NOMBRECOMUN>
<NOMBREBOTANICO>Monarda didyma</NOMBREBOTANICO>
<ZONA>4</ZONA>
<PRECIO>4</PRECIO>
<DISPONIBILIDAD>050399</DISPONIBILIDAD>
</PLANTA>
<PLANTA>
<NOMBRECOMUN>Bergamot</NOMBRECOMUN>
<NOMBREBOTANICO>Monarda didyma</NOMBREBOTANICO>
<ZONA>4</ZONA>
<PRECIO>7</PRECIO>
<DISPONIBILIDAD>042799</DISPONIBILIDAD>
</PLANTA>
<PLANTA>
<NOMBRECOMUN>Black-Eyed Susan</NOMBRECOMUN>
<NOMBREBOTANICO>Rudbeckia hirta</NOMBREBOTANICO>
<ZONA>Annual</ZONA>
<PRECIO>9</PRECIO>
<DISPONIBILIDAD>061899</DISPONIBILIDAD>
</PLANTA>
<PLANTA>
<NOMBRECOMUN>Buttercup</NOMBRECOMUN>
<NOMBREBOTANICO>Ranunculus</NOMBREBOTANICO>
<ZONA>4</ZONA>
<PRECIO>2</PRECIO>
<DISPONIBILIDAD>061099</DISPONIBILIDAD>
</PLANTA>
<PLANTA>
<NOMBRECOMUN>Crowfoot</NOMBRECOMUN>
<NOMBREBOTANICO>Ranunculus</NOMBREBOTANICO>
<ZONA>4</ZONA>
<PRECIO>9</PRECIO>
<DISPONIBILIDAD>040399</DISPONIBILIDAD>
</PLANTA>
<PLANTA>
<NOMBRECOMUN>Butterfly Weed</NOMBRECOMUN>
<NOMBREBOTANICO>Asclepias tuberosa</NOMBREBOTANICO>
<ZONA>Annual</ZONA>
<PRECIO>2</PRECIO>
<DISPONIBILIDAD>063099</DISPONIBILIDAD>
</PLANTA>
<PLANTA>
<NOMBRECOMUN>Cinquefoil</NOMBRECOMUN>
<NOMBREBOTANICO>Potentilla</NOMBREBOTANICO>
<ZONA>Annual</ZONA>
<PRECIO>7</PRECIO>
<DISPONIBILIDAD>052599</DISPONIBILIDAD>
</PLANTA>
<PLANTA>
<NOMBRECOMUN>Primrose</NOMBRECOMUN>
<NOMBREBOTANICO>Oenothera</NOMBREBOTANICO>
<ZONA>3 - 5</ZONA>
<PRECIO>6</PRECIO>
<DISPONIBILIDAD>013099</DISPONIBILIDAD>
</PLANTA>
<PLANTA>
<NOMBRECOMUN>Gentian</NOMBRECOMUN>
<NOMBREBOTANICO>Gentiana</NOMBREBOTANICO>
<ZONA>4</ZONA>
<PRECIO>7</PRECIO>
<DISPONIBILIDAD>051899</DISPONIBILIDAD>
</PLANTA>
<PLANTA>
<NOMBRECOMUN>Blue Gentian</NOMBRECOMUN>
<NOMBREBOTANICO>Gentiana</NOMBREBOTANICO>
<ZONA>4</ZONA>
<PRECIO>8</PRECIO>
<DISPONIBILIDAD>050299</DISPONIBILIDAD>
</PLANTA>
<PLANTA>
<NOMBRECOMUN>Jacob's Ladder</NOMBRECOMUN>
<NOMBREBOTANICO>Polemonium caeruleum</NOMBREBOTANICO>
<ZONA>Annual</ZONA>
<PRECIO>9</PRECIO>
<DISPONIBILIDAD>022199</DISPONIBILIDAD>
</PLANTA>
<PLANTA>
<NOMBRECOMUN>Greek Valerian</NOMBRECOMUN>
<NOMBREBOTANICO>Polemonium caeruleum</NOMBREBOTANICO>
<ZONA>Annual</ZONA>
<PRECIO>4</PRECIO>
<DISPONIBILIDAD>071499</DISPONIBILIDAD>
</PLANTA>
<PLANTA>
<NOMBRECOMUN>California Poppy</NOMBRECOMUN>
<NOMBREBOTANICO>Eschscholzia californica</NOMBREBOTANICO>
<ZONA>Annual</ZONA>
<PRECIO>7</PRECIO>
<DISPONIBILIDAD>032799</DISPONIBILIDAD>
</PLANTA>
<PLANTA>
<NOMBRECOMUN>Shooting Star</NOMBRECOMUN>
<NOMBREBOTANICO>Dodecatheon</NOMBREBOTANICO>
<ZONA>Annual</ZONA>
<PRECIO>8</PRECIO>
<DISPONIBILIDAD>051399</DISPONIBILIDAD>
</PLANTA>
<PLANTA>
<NOMBRECOMUN>Snakeroot</NOMBRECOMUN>
<NOMBREBOTANICO>Cimicifuga</NOMBREBOTANICO>
<ZONA>Annual</ZONA>
<PRECIO>5</PRECIO>
<DISPONIBILIDAD>071199</DISPONIBILIDAD>
</PLANTA>
<PLANTA>
<NOMBRECOMUN>Cardinal Flower</NOMBRECOMUN>
<NOMBREBOTANICO>Lobelia cardinalis</NOMBREBOTANICO>
<ZONA>2</ZONA>
<PRECIO>3</PRECIO>
<DISPONIBILIDAD>022299</DISPONIBILIDAD>
</PLANTA>
</CATALOGO>