1,Carlos,Gómez,Borrallo,957000000,612345678,957000101,carlos@gmail.com,c\ Alta nº 1,Córdoba,14000,España
2,Jose Manuel,Rubio,Muñoz,957000001,698765432,957000110,jose@gmail.com,c\ Baja nº 2,Baena,14850,España
3,Raul,Recio,Baena,957000010,612332112,957000111,raul@gmail.com,c\ Media nº 3,Cabra,14870,España
4,Aurora,Barba,Alguacil,957000011,698778998,957001000,aurora@gmail.com,c\ Centro nº 4,Luque,14840,España
5,Laura,Ávalos,Moreno,957000100,654321789,957001001,laura@gmail.com,c\ Dentro nº 5,Doña Mencía,14860,España
