<?xml version="1.0" encoding="UTF-8"?>
<!-- 
    <?xml version="1.0"?><documento>
    
    <p>Mi Primer <destacar importancia=1>documento
        XML</destacar></p]
    <p>Comienza con la etiqueta <documento&gt;</p>
    <p>A continuacion colocamos un elemento sin contenido</p>
    <imagen fichero="imagen.gif">
    </documento>

    solucion:
-->    

    <documento>
    <p>
    Mi Primer
    <destacar importancia="1">documento XML</destacar>
    </p>
    <p>Comienza con la etiqueta</p>
    <p>A continuacion colocamos un elemento sin contenido</p>
    <imagen fichero="imagen.gif"/>
    </documento>


<!-- 
    Enunciado documento 2:
    
    <?xml version="1.0"?>
    <libros>
        <libro id="quijote">
            <titulo>El Quijote</titulo>
            <autor nombre=cervantes nombre=cervantes>
            <descripcion>Es el m<ejor libro de cervantes.</descripcion>
        </libro]
    </Libros>
-->

<LIBROS>
    <libro id="quijote">
        <titulo>El Quijote</titulo>
        <autor nombre="cervantes"/>
        <descripcion>Es el mejor libro de cervantes.</descripcion>
    </libro>
</LIBROS>
